Target page,Internal links
https://organicfoodslanka.com/,98
https://organicfoodslanka.com/about-us/,94
https://organicfoodslanka.com/contact-us/,94
https://organicfoodslanka.com/hotel-supplies/,94
https://organicfoodslanka.com/organic-products/,94
https://organicfoodslanka.com/privacy-policy/,94
https://organicfoodslanka.com/shop/,94
https://organicfoodslanka.com/tea-blended-products/,94
https://organicfoodslanka.com/terms-conditions/,94
https://organicfoodslanka.com/delivery-returns/,93
https://organicfoodslanka.com/product-category/flavoured-tea/,79
https://organicfoodslanka.com/product-category/kithul-products/,77
https://organicfoodslanka.com/product-category/powder-packets/,77
https://organicfoodslanka.com/product-category/everleaf-tea-range/,76
https://organicfoodslanka.com/product-category/herbal-teas/,17
https://organicfoodslanka.com/product/dehydrated-papaya/,12
https://organicfoodslanka.com/product-category/sachet-packets/,10
https://organicfoodslanka.com/product/dehydrated-mixed-fruit/,10
https://organicfoodslanka.com/product/curry-leaves-powder/,9
https://organicfoodslanka.com/product/dehydrated-bitter-gourd/,9
https://organicfoodslanka.com/product/beetroot-powder/,8
https://organicfoodslanka.com/product/creamer-sachet/,8
https://organicfoodslanka.com/product/dehydrated-banana/,8
https://organicfoodslanka.com/product/dehydrated-breadfruit/,8
https://organicfoodslanka.com/product/tomato-powder/,8
https://organicfoodslanka.com/product/curry-powder/,7
https://organicfoodslanka.com/product/pumpkin-powder/,7
https://organicfoodslanka.com/product/carrot-powder/,6
https://organicfoodslanka.com/product/dehydrated-curry-leaves/,6
https://organicfoodslanka.com/product/everleaf-pure-ceylon-tea/,6
https://organicfoodslanka.com/product/dehydrated-jackfruit/,5
https://organicfoodslanka.com/product/dried-moringa-powder/,5
https://organicfoodslanka.com/product/ushma/,5
https://organicfoodslanka.com/product/brown-sugar-sachet/,4
https://organicfoodslanka.com/product/slim-herb-tea/,3
https://organicfoodslanka.com/how-to-make-sri-lankan-milk-tea-kiri-tea-authentic-easy-recipe/,2
https://organicfoodslanka.com/wp-content/uploads/2026/03/everboltfood_catalogue.pdf,1